{"name": "qing145COMP4431", "data": [{"category": 4, "name": "COMP4434"}, {"category": 4, "name": "Knowledge base"}, {"category": 4, "name": "Binary search"}, {"category": 4, "name": "History of artificial intelligence"}, {"category": 4, "name": "Inference engine"}, {"category": 4, "name": "Artificial intelligence (basics)"}, {"category": 4, "name": "COMP2011"}, {"category": 4, "name": "Genetic algorithm"}, {"category": 4, "name": "Knowledge based systems"}, {"category": 4, "name": "Linear search"}, {"category": 4, "name": "Search algorithm"}, {"category": 4, "name": "Intelligent agent"}, {"category": 4, "name": "COMP4133"}, {"category": 4, "name": "Knowledge representation and reasoning"}, {"category": 4, "name": "Data structure"}, {"category": 0, "name": "COMP4431"}, {"category": 4, "name": "Hill climbing"}, {"category": 4, "name": "Simulated annealing"}, {"category": 4, "name": "Ethics of artificial intelligence"}, {"category": 4, "name": "Machine learning"}, {"category": 4, "name": "Algorithm"}, {"category": 4, "name": "12345678"}], "links": [{"source": "Search algorithm", "target": "COMP4431"}, {"source": "Artificial intelligence (basics)", "target": "History of artificial intelligence"}, {"source": "Artificial intelligence (basics)", "target": "COMP4431"}, {"source": "COMP4431", "target": "Intelligent agent"}, {"source": "Knowledge based systems", "target": "Inference engine"}, {"source": "Search algorithm", "target": "Simulated annealing"}, {"source": "Search algorithm", "target": "Algorithm"}, {"source": "COMP4431", "target": "Knowledge based systems"}, {"source": "COMP2011", "target": "Algorithm"}, {"source": "Knowledge based systems", "target": "Knowledge base"}, {"source": "COMP2011", "target": "COMP4431"}, {"source": "COMP2011", "target": "COMP4434"}, {"source": "Intelligent agent", "target": "COMP4431"}, {"source": "COMP4431", "target": "Artificial intelligence (basics)"}, {"source": "COMP2011", "target": "COMP4133"}, {"source": "Knowledge based systems", "target": "COMP4431"}, {"source": "Search algorithm", "target": "Binary search"}, {"source": "Machine learning", "target": "COMP4431"}, {"source": "Search algorithm", "target": "Linear search"}, {"source": "COMP4431", "target": "Knowledge representation and reasoning"}, {"source": "Search algorithm", "target": "Hill climbing"}, {"source": "Artificial intelligence (basics)", "target": "Ethics of artificial intelligence"}, {"source": "COMP4431", "target": "Machine learning"}, {"source": "COMP4431", "target": "Search algorithm"}, {"source": "Knowledge representation and reasoning", "target": "COMP4431"}, {"source": "COMP4431", "target": "COMP2011"}, {"source": "Search algorithm", "target": "Genetic algorithm"}, {"source": "COMP2011", "target": "Data structure"}, {"source": "COMP4434", "target": "12345678"}]}