{
 "name": "AI",
 "children": [
  {
   "name": "DM",
   "children": [
    {"name": "AssociationRuleLearning"},
    {"name": "Clustering"},
    {"name": "Classification"},
    {"name": "Regression"},
    {"name": "Summarization"},
    {"name": "Embedding",
    "children": [
     {"name": "NetworkEmbedding",
     "children": [
      {"name": "GraphNeuralNetworks"},
      {"name": "SpectralEmbedding"}
     ]}
    ]},
    {
     "name": "AnomalyDetection"
    },
    {
     "name": "Courses",
     "children": [
      {"name": "COMP1433",
      "children": [
       {"name": "DataProcessing",
       "children": [
        {"name": "DataCollection"},
        {"name": "DataVisualization"},
        {"name": "DataCleansing"}
       ]},
       {"name": "StatisticalAnalysis",
       "children": [
        {"name": "LinearRegression"},
        {"name": "TimeSeriesAnalysis"}
       ]},
       {"name": "LinearAlgebra",
       "children": [
        {"name": "VectorSpace"},
        {"name": "Matrix"}
       ]},
       {"name": "Calculus",
       "children": [
        {"name": "Integral"}
       ]}
      ]},
      {"name": "COMP2011",
      "children": [
       {"name": "Algorithms (Basics)",
       "children": [
        {"name": "Sorting algorithm"},
        {"name": "Search algorithm"}
       ]},
       {"name": "Linear data structures"},
       {"name": "Tree data structure"}
      ]},
      {"name": "COMP3133",
      "children": [
       {"name": "Morphological analysis",
       "children": [
        {"name": "Stemming"}
       ]},
       {"name": "NLP Applications"}
      ]},
      {"name": "COMP4431",
      "children": [
       {"name": "Introduction to AI",
       "children": [
        {"name": "History of AI"},
        {"name": "Definition of AI"},
        {"name": "Ethical Issues of AI"}
       ]}
      ]}
     ]
    }
   ]
  },
  {
   "name": "ML",
   "children": [
    {"name": "SupervisedLearning"},
    {"name": "UnsupervisedLearning"},
    {
     "name": "Semi-SupervisedLearning"
    },
    {"name": "ReinforcementLearning"},
    {"name": "SelfLearning"},
    {"name": "AnomalyDetection"},
    {"name": "AssociationRuluLearning"},
    {"name": "Clustering"},
    {"name": "Classification"},
    {"name": "Regression"},
    {"name": "AutomaticSummarization"},
    {"name": "Embedding"},
    {"name": "FederatedLearning"},
    {"name": "GeneticAlgorithms"},
    {"name": "DecisionTrees"},
    {"name": "SupportVectorMachines"},
    {"name": "RegressionAnalysis"},
    {"name": "BayesianNetworks"}
   ]
  },
  {
   "name": "CV",
   "children": [
    {
     "name": "Recognition"
    },
    {"name": "MotionAnalysis"},
    {"name": "SceneReconstruction"},
    {"name": "ImageRestoration"}
   ]
  },
  {
   "name": "HCI",
   "children": [
    {
     "name": "methods"
    },
    {"name": "Minimum", "value": 843},
    {"name": "Not", "value": 1554},
    {"name": "Or", "value": 970},
    {"name": "Query", "value": 13896},
    {"name": "Range", "value": 1594},
    {"name": "StringUtil", "value": 4130},
    {"name": "Sum", "value": 791},
    {"name": "Variable", "value": 1124},
    {"name": "Variance", "value": 1876},
    {"name": "Xor", "value": 1101}
   ]
  },
  {
   "name": "NLP",
   "children": [
    {"name": "Morphological Analysis"},
    {"name": "LinearScale", "value": 1316},
    {"name": "LogScale", "value": 3151},
    {"name": "OrdinalScale", "value": 3770},
    {"name": "QuantileScale", "value": 2435}
   ]
  },
  {
   "name": "IR",
   "children": [
    {"name": "Arrays", "value": 8258},
    {"name": "Colors", "value": 10001},
    {"name": "Dates", "value": 8217},
    {
     "name": "heap",
     "children": [
      {"name": "FibonacciHeap", "value": 9354},
      {"name": "HeapNode", "value": 1233}
     ]
    },
    {
     "name": "math",
     "children": [
      {"name": "DenseMatrix", "value": 3165},
      {"name": "IMatrix", "value": 2815},
      {"name": "SparseMatrix", "value": 3366}
     ]
    },
    {"name": "Maths", "value": 17705},
    {"name": "Orientation", "value": 1486},
    {
     "name": "palette",
     "children": [
      {"name": "ColorPalette", "value": 6367},
      {"name": "Palette", "value": 1229},
      {"name": "ShapePalette", "value": 2059},
      {"name": "SizePalette", "value": 2291}
     ]
    }
   ]
  },
  {
   "name": "Robotics",
   "children": [
    {
     "name": "axis",
     "children": [
      {"name": "Axes", "value": 1302},
      {"name": "Axis", "value": 24593},
      {"name": "AxisGridLine", "value": 652},
      {"name": "AxisLabel", "value": 636},
      {"name": "CartesianAxes", "value": 6703}
     ]
    },
    {
     "name": "controls",
     "children": [
      {"name": "AnchorControl", "value": 2138},
      {"name": "ClickControl", "value": 3824},
      {"name": "Control", "value": 1353},
      {"name": "ControlList", "value": 4665},
      {"name": "DragControl", "value": 2649}
     ]
    },
    {
     "name": "events",
     "children": [
      {"name": "DataEvent", "value": 2313},
      {"name": "SelectionEvent", "value": 1880},
      {"name": "TooltipEvent", "value": 1701},
      {"name": "VisualizationEvent", "value": 1117}
     ]
    },
    {
     "name": "operator",
     "children": [
      {
       "name": "distortion",
       "children": [
        {"name": "BifocalDistortion", "value": 4461},
        {"name": "Distortion", "value": 6314},
        {"name": "FisheyeDistortion", "value": 3444}
       ]
      },
      {"name": "IOperator", "value": 1286},
      {
       "name": "label",
       "children": [
        {"name": "Labeler", "value": 9956},
        {"name": "RadialLabeler", "value": 3899},
        {"name": "StackedAreaLabeler", "value": 3202}
       ]
      },
      {"name": "Operator", "value": 2490},
      {"name": "OperatorList", "value": 5248}
     ]
    },
    {"name": "Visualization", "value": 16540}
   ]
  }
 ]
}