{
 "name": "AI",
 "children": [
  {
   "name": "machine learning engineer",
   "children": [
    {"name": "machine learning",
    "children": [
      {"name": "COMP4432"}
     ]},
    {"name": "computer science fundamentals"}
   ]},
  {
   "name": "data scientist",
   "children": [
    {"name": "computer science fundamentals ",
    "children": [
     {"name": "COMP2011",
      "children": [
       {"name": "Algorithms (Basics)"},
       {"name": "Linear data structures"},
       {"name": "Tree (data structure)"}
      ]
     },
     {"name": "COMP2411",
     "children": [
       {"name": "databases"},
       {"name": "SQL"}
      ]}
    ]},
    {"name": "data science languages"}
   ]
  },
  {
   "name": "business intelligence developer"
  },
  {
   "name": "research scientist"
  },
  {
   "name": "big data architect"
  }
 ]
}