{
  "nodes": [
    {
      "id": "Artificial_Intelligence",
      "group": 0
    },
    {
      "id": "Data_Mining",
      "group": 1
    },
    {
      "id": "Machine_Learning",
      "group": 1
    },
    {
      "id": "Computer_Vision",
      "group": 1
    },
    {
      "id": "Natural_Language_Processing",
      "group": 1
    },
    {
      "id": "Robotics",
      "group": 1
    },
    {
      "id": "Information_Retrieval",
      "group": 1
    },
    {
      "id": "Human-computer_Interaction",
      "group": 1
    }
  ],
  "links": [
    {
      "source": "Artificial_Intelligence",
      "target": "Data_Mining",
      "value": "Subconcept"
    },
    {
      "source": "Artificial_Intelligence",
      "target": "Machine_Learning",
      "value": "Subconcept"
    },
    {
      "source": "Artificial_Intelligence",
      "target": "Computer_Vision",
      "value": "Subconcept"
    },
    {
      "source": "Artificial_Intelligence",
      "target": "Natural_Language_Processing",
      "value": "Subconcept"
    },
    {
      "source": "Artificial_Intelligence",
      "target": "Robotics",
      "value": "Subconcept"
    },
    {
      "source": "Artificial_Intelligence",
      "target": "Information_Retrieval",
      "value": "Subconcept"
    },
    {
      "source": "Artificial_Intelligence",
      "target": "Human-computer_Interaction",
      "value": "Subconcept"
    }
  ]
}
